lat,lon,AttackID,Vessel,Status,Location,Narration,Date
1.1666666,103.933334,162-19,Tug,Attempted,Singapore Straits.,Five to seven persons in a wooden boat approached and attempted to board a tug underway. Duty watchman noticed the boat and raised the alarm resulting in the persons aborting and moving away.,2019-12-03 02:10:00+07:00
3.9666667,9.083333,161-19,Product Tanker,Boarded,"Limboh Anchorage, Cameroon.",Around six persons armed with guns boarded an anchored tanker. A distress message was sent by the tanker. The persons stole ship,2019-12-30 23:30:00+01:00
1.27,104.223335,160-19,Bulk Carrier,Boarded,Singapore Straits.,"Chief Engineer onboard a bulk carrier underway noticed four robbers armed with knives in the engine room and informed Master. Alarm raised, deck lights switched on and crew mustered. Seeing the alerted crew the robbers escaped. A search was carried out. Foot prints were noticed on the quarter deck. Nothing reported stolen.",2019-11-28 22:20:00+07:00
36.763992,3.0631905,159-19,LPG Tanker,Attempted,Algeria.,Duty crew onboard a berthed tanker noticed three unauthorised persons attempting to board via the forward mooring ropes. Alarm raised resulting in the persons escaping. Incident reported to PFSO. A search was carried out. Nothing reported stolen.,2019-12-13 05:30:00+01:00
1.15,103.48333,158-19,Product Tanker,Boarded,Singapore Straits.,"Five robbers boarded a product tanker underway. Second Engineer noticed and shouted at the robbers. Alarm raised, crew mustered, and incident reported to Singapore VTS. Seeing the crew alertness, the robbers escaped without stealing anything. The tanker anchored at Sudong Special anchorage where a Singapore coast guard personnel boarded the tanker for inspection. All crew safe.",2019-12-24 23:20:00+07:00
1.2658334,104.11694,157-19,Bulk Carrier,Boarded,Singapore Straits.,"Five persons armed with knives and guns boarded a bulk carrier underway. They entered into the engine room, took hostage two duty crew, threatened them and tied them up. The robbers stole engine spares and escaped. Incident reported to Singapore VTIS. A coast guard boat responded and escorted the vessel.",2019-12-23 00:20:00+07:00
6.251111,3.2166667,156-19,Product Tanker,Boarded,"Lagos Secure Anchorage Area, Nigeria.","Duty crew on board an anchored product tanker noticed two unauthorized persons onboard and raised the alarm. Crew mustered. Naval patrol boat notified via VHF, which responded and searched the waters around the tanker. A search was carried out. Nothing reported stolen.",2019-12-21 01:25:00+01:00
17.6025,83.35,155-19,Bulk Carrier,Attempted,"Visakhapatnam Anchorage, India.","Around 15 to 18 persons in three skiffs approached an anchored bulk carrier. They attempted to board the ship using a rope attached to a hook. Alert crew noticed the attempted boarding and notified the port control and Coast Guard. A patrol vessel was dispatched resulting in the robbers aborting the attempted boarding and escaped. After chasing the boats for a while, the  patrol boat managed to stop one skiff and arrested the persons onboard.",2019-12-01 06:05:00+05:30
1.25,104.083336,154-19,Crude Oil Tanker,Boarded,Singapore Straits.,"While underway, a tanker was boarded by five robbers armed with knives. Two duty crew on routine rounds were confronted by the robbers, who threatened them and tied them up. Alarm raised and crew mustered. Hearing the alarm, the robbers escaped without stealing anything. Incident reported to Singapore VTIS.",2019-12-22 23:00:00+07:00
1.25,104.01667,153-19,Bulk Carrier,Boarded,Singapore Straits.,"Five robbers armed with long knives boarded a bulk carrier underway. They entered into the engine room, took hostage two duty crew and threatened them with knives. The robbers stole engine spares and escaped. Alarm raised, crew mustered, and incident reported to Singapore VTIS. A coast guard boat responded and escorted the ship to an anchorage, where they boarded the ship for inspection. All crew safe.",2019-12-20 22:30:00+07:00
0.31805557,9.385278,152-19,Bulk Carrier,Attempted,"Owendo Anchorage, Gabon.","Around six armed persons in a skiff came alongside an anchored bulk carrier and attempted to hook on a ladder to board the vessel. The persons threatened the crew with their weapons. Alarm raised and port authorities notified. Seeing the alerted crew, the armed persons aborted the attempted boarding. Vessel and crew are safe.",2019-12-21 23:30:00+01:00
-5.5008335,105.28472,151-19,Bulk Carrier,Boarded,"Panjang Anchorage, Indonesia.","Three robbers armed with long knives boarded an anchored bulk carrier. They broke into the engine room work shop, stole auxiliary engine spares and escaped. Authorities notified.",2019-12-11 03:25:00+07:00
-4.7655554,11.783334,150-19,Offshore Tug,Boarded,"Pointe Noire Anchorage, The Congo.","Two robbers in a canoe came alongside an anchored offshore tug. They boarded the vessel, stole ship",2019-12-17 03:30:00+01:00
4.385,2.0541666,149-19,Product Tanker,Boarded,"Around 118nm SSW of Cotonou, Benin.","Around six heavily armed pirates boarded a product tanker underway. They took hostage all crew members and destroyed some equipment resulting in the tanker going into a blackout condition. The remaining crew sent a distress and requested to be towed to a safe area. Upon receiving the information, the IMB Piracy Reporting Centre immediately notified and liaised with the Regional Authorities to provide assistance to the tanker. A Togo Navy ship was dispatched to the location of the tanker and made arrangements to tow the tanker. Twenty crew were reported missing.",2019-12-15 08:00:00+00:00
-12.036111,-77.217224,148-19,Bulk Carrier,Boarded,Peru.,"Crew on routine rounds onboard an anchored bulk carrier noticed three robbers armed with long knives at forecastle deck and raised the alarm. Crew mustered. A small boat was seen departing the vessel.  Upon checking, the bosun store and paint store were reported broken into and ship",
-12.01885,-77.21881,147-19,Bulk Carrier,Boarded,"Callao Anchorage, Peru.","Three robbers boarded an anchored bulk carrier via the anchor chain and hawse pipe. They tied up the duty OS, took his radio, watch and flashlight and entered the forecastle store. The duty OS managed to escape and raised the alarm resulting in the crew mustering. Hearing the alarm, the robbers escaped in a waiting motorboat. Upon investigation, ship",2019-12-07 01:10:00-05:00
3.1,7.116667,146-19,Crude Oil Tanker,Boarded,"Around 76nm South of Bonny, Nigeria.",Armed pirates attack and boarded an oil tanker underway. Nineteen crew were identified as missing. The vessel Owners notified the Nigerian Navy and MRCC for assistance. Remaining crew sailed the tanker to a safe area.,2019-12-03 18:10:00+00:00
1.3052778,104.34639,143-19,Bulk Carrier,Boarded,Singapore Straits.,"While underway, a duty engine crew onboard a bulk carrier was confronted by robbers armed with knives. The robbers threatened the crew with a knife and attempted to take him hostage. The crew managed to escape and raised the alarm resulting in the crew mustering. Seeing the alerted crew, the robbers escaped without stealing anything. Master reported the incident to VTIS. A patrol boat was dispatched to the location. Vessel and crew are safe.",2019-11-28 04:45:00+08:00
-12.018888,-77.18528,142-19,Vehicle Carrier,Boarded,"Callao Anchorage, Peru.",Duty crew onboard an anchored vehicle carrier noticed the forecastle store entrance door and forward booby hatch cover opened. On investigating three mooring ropes were reported missing. Incident reported to Callao Port Authority.,2019-11-23 05:20:00-05:00
-14.383295,40.75356,141-19,Bulk Carrier,Boarded,"Nacala Outer Anchorage, Mozambique.",Duty crew onboard an anchored bulk carrier noticed an unauthorised person on the forecastle deck and raised the alarm. Crew mustered and a search carried out. Seeing the alerted crew the person escaped. Nothing reported stolen. All crew safe. Incident reported to Port Control.,2019-11-19 23:55:00+02:00
1.0833334,103.7,140-19,Crude Oil Tanker,Boarded,Singapore Straits.,"Five robbers armed with knives and crowbars boarded a tanker underway and entered the engine room. Duty Engine crew noticed the robbers and raised the alarm, resulting in the robbers escaping without stealing anything. Incident reported to Singapore VTIS.",2019-10-18 22:07:00+07:00
4.549046,7.197075,139-19,Passenger Boat,Boarded,Nigeria.,Ten armed persons attacked a passenger boat and kidnapped four Immigration Officers. The Nigerian Navy rescued the kidnapped Immigration Officers on 13 November. No casualties reported.,2019-11-11 08:30:00+01:00
6.2483335,2.5483334,138-19,Bulk Carrier,Boarded,"Around 9nm SE of Cotonou, Benin.",Armed persons boarded an anchored bulk carrier. Incident reported to the Authorities who dispatched a patrol boat to the ship,2019-11-02 04:20:00+01:00
1.2016667,103.5675,137-19,Product Tanker,Attempted,Singapore Straits.,Six persons in two speed boats approached a tanker underway. Duty crew noticed the persons attempting to board the tanker and raised the alarm. Master increased the speed and took evasive manoeuvres resulting in the persons aborting the boarding attempt.,2019-11-05 19:48:00+08:00
30.426043,-9.647907,136-19,Bulk Carrier,Boarded,"Silos Terminal, Agadir Port, Morocco.","Duty officer onboard a berthed bulk carrier noticed four unauthorized persons onboard the vessel. Alarm raised and crew mustered. Seeing the alerted crew, the persons escaped.  On searching the vessel nothing reported stolen.",2019-11-08 03:05:00+01:00
1.2183334,6.1516666,135-19,Crude Oil Tanker,Fired Upon,"Around 57nm NNW of Sao Tome Island, Sao Tome and Principe.","Armed persons in a skiff approached and fired upon a tanker underway. Alarm raised, vessel increased speed and commenced evasive manoeuvers. Fire pump activated, and four parachute rockets discharged. Due to the actions of the Master and crew, the skiff aborted and moved away. Vessel and crew safe.",2019-11-07 00:15:00+00:00
5.9666667,1.25,134-19,Product Tanker,Boarded,"Around 9nm SSE of Lome, Togo.",Three persons armed with guns and knives boarded an anchored tanker and shot one armed guard in his leg. They entered into the accommodation and tried to force their way into the captain,2019-11-04 02:40:00+00:00
3.7880588,98.69406,133-19,Product Tanker,Attempted,"Belawan Port, Indonesia.","During security rounds, crew onboard a berthed tanker noticed one unknown person trying to board the vessel using a grappling hook. Upon being noticed, the person escaped. Incident reported to Port Authority.",2019-11-08 02:00:00+07:00
1.7166667,101.434166,132-19,Product Tanker,Boarded,"Dumai Inner Anchorage, Indonesia.","Duty officer onboard an anchored tanker noticed four robbers on deck and informed Master. Alarm raised, crew mustered, and PA announcement made. The robbers escaped without stealing anything and a search carried out. Incident reported to local agent.",2019-10-09 02:20:00+07:00
3.9166667,98.8,131-12,Product Tanker,Attempted,"Belawan Anchorage, Indonesia.","Duty crew onboard an anchored tanker noticed a person attempting to board via the anchor chain, while two other persons were waiting in the boat alongside the tanker. The duty crew reported the incident to the OOW who raised the alarm. Seeing the alerted crew, the persons escaped in their boat.",2019-10-15 05:00:00+07:00
1.05,103.63333,130-19,Product Tanker,Boarded,Singapore Straits.,"Alert crew onboard a tanker underway noticed four robbers on deck and raised the alarm. Hearing the alerted crew, the robbers escaped without stealing anything. Incident reported to Singapore VTIS.",2019-10-25 04:15:00+07:00
-4.7530556,11.779445,129-19,Container,Boarded,"Pointe Noire South Anchorage, The Congo.","Duty officer on routine rounds, onboard an anchored container vessel noticed a mooring rope in the water and notified the bridge. Alarm raised and crew mustered. Investigations showed the forward storeroom door was opened, and ship",2019-10-20 04:20:00+01:00
-6.017537,105.935745,128-19,Bulk Carrier,Boarded,"Cigading Anchorage, Indonesia.",Alert crew onboard an anchored bulk carrier noticed four unauthorized persons near the entrance of the engine room. Alarm raised and crew mustered. Hearing the alerted crew the persons escaped without stealing anything.,2019-10-22 00:47:00+07:00
6.456952,3.3720195,127-19,Product Tanker,Boarded,"Lagos, Nigeria.","During cargo operations, around seven to eight armed persons in two wooden boats came alongside and boarded a berthed tanker. Alert crew noticed the persons, raised the alarm and stopped the discharging operations. Before escaping, the persons fired towards the crew. No injuries reported. Cargo from the terminal",2019-10-06 23:30:00+01:00
4.3519444,6.866667,126-19,Fishing Vessel,Boarded,Nigeria.,"A fishing vessel, having machinery problems drifted to the mouth of Sambreiro river where it was attacked by several persons. The persons vandaliZed the vessel and escaped. The vessel owners notified the Nigerian Navy who were able to located and inspect the vessel.",2019-10-05 13:00:00+01:00
1.0575,103.645,125-19,Bulk Carrier,Boarded,Singapore Straits.,Duty oiler on routine rounds onboard a bulk carrier underway was taken hostage by five robbers armed with a gun and knives. The robbers threatened the oiler and tied his hands. They then stole ships spares and escaped. The oiler reported the incident to the OOW who raised the alarm and notified Singapore VTIS.,2019-10-20 00:00:00+07:00
-11.985,-77.18361,124-19,Product Tanker,Boarded,"Callao Anchorage, Peru.","Duty watchmen onboard an anchored tanker noticed three unauthorised persons on the forecastle deck and raised the alarm. The OOW, sounded the forward horn, raised the alarm, made and announcement on the PA and crew mustered. Seeing the alerted crew the persons escaped in their boat. Further investigations indicated that the perpetrators opened the bosun store skylight but were unable to steal anything.",2019-10-12 02:30:00-05:00
18.5525,-72.38333,123-19,Bulk Carrier,Boarded,"Port Au Prince Anchorage, Haiti.","During routine rounds, duty AB onboard an anchored ship was taken hostage by robbers armed with guns and long knives. Alarm raised and crew mustered. Seeing the alerted crew the robbers escaped with stolen ship",2019-10-11 20:10:00-04:00
-4.837018,11.865234,122-19,Research Vessel,Boarded,"Pointe Noire Anchorage, The Congo.",Master onboard the anchored research vessel heard a sound near the forward and noticed one unknown person onboard. Master shouted and the person escaped. Emergency alarm raised and crew mustered. A boat was seen departing the vessel with stolen ship,2019-10-08 23:40:00+01:00
1.3,104.11667,121-19,LPG Tanker,Boarded,"Johor Anchorage, Malaysia.","Unnoticed, robbers boarded an anchored tanker, stole ship",2019-10-06 07:59:00+08:00
6.283889,3.218889,120-19,Product Tanker,Boarded,"Lagos Secure Anchorage Area, Nigeria.","Duty security patrol onboard an anchored product tanker noticed three robbers on the forecastle and immediately informed the OOW, who raised the alarm. Upon hearing the alarm, the robbers escaped without stealing anything. Incident reported to Nigerian Navy and a patrol boat arrived for investigation.",2019-10-05 03:00:00+01:00
-12.030556,-77.18584,119-19,Bulk Carrier,Boarded,Peru.,"Robbers boarded an anchored bulk carrier. They took hostage the duty AB and tied his hands. When the duty officer did not receive a response from the duty AB he order other crew to investigate. Upon arriving at the forecastle, the crew saw the duty AB, who raised the alarm. hearing the alerted crew the robbers escaped. The duty AB was unharmed. Two mooring ropes were reported missing. Incident reported to the port authority and local agent.",2019-09-30 01:55:00-05:00
1.0352777,103.65,118-19,Bulk Carrier,Boarded,Singapore Straits.,"Deck crew on routine rounds onboard a bulk carrier underway in the Singapore TSS spotted five armed robbers on the aft deck. Alarm raised, SSAS activated and PA announcement made resulting in the robbers escaping without stealing anything. Incident reported to Singapore VTIS. After almost one hour and in Singapore waters, a Singapore police coast guard boat intercepted and escorted the ship to Singapore, where they boarded and searched the ship to ensure that the robbers had left.",2019-09-30 22:15:00+07:00
-1.1096356,116.734024,117-19,Product Tanker,Boarded,"Balikpapan, Indonesia.",Two robbers boarded a berthed tanker. Alert crew noticed the robbers and raised the alarm resulting in the robbers escaping without stealing anything.  Incident reported to local authorities.,2019-09-19 03:00:00+08:00
17.063055,82.436386,116-19,LPG Tanker,Boarded,"Kakinada Anchorage, India.",Four robbers boarded an anchored LPG tanker using a hook attached with rope. Alert crew noticed the robbers and raised the alarm resulting in the robbers escaping in their boat with ship,2019-09-24 00:55:00+05:30
1.6,104.53333,115-19,General Cargo,Boarded,"Around 16nm East of Bandar Penawar, Johor, Malaysia.","A Bosun onboard an anchored general cargo ship sighted three robbers on the forecastle and immediately informed the OOW, who raised the alarm. The crew mustered and proceeded towards the forward. Seeing the alerted crew, the robbers escaped with a mooring rope.",2019-09-26 05:06:00+07:00
1.5683334,104.516945,113-19,Crude Oil Tanker,Boarded,"Around 16nm East of Bandar Penawar, Johor, Malaysia.","Unnoticed, robbers boarded an anchored tanker via anchor chain and stole ship",2019-09-26 03:15:00+07:00
13.766666,120.98333,114-19,Chemical Tanker,Attempted,"Mabini Anchorage, Philippines.",Duty crew onboard an anchored tanker noticed a person attempting to open the anchor hawse pipe cover. Alarm raised and crew mustered. Incident reported to local agent.,2019-09-24 01:00:00+08:00
-2.5455556,-80.102776,112-19,Container,Boarded,"Around 4.5nm WNW of Isla Escalante, Ecuador.","Two duty crew onboard a container ship under pilotage failed to respond to routine radio checks from the OOW. Investigations revealed that both the crews had been assaulted and tied up. They reported that seven persons armed with a shotgun had boarded, taken them hostage and stolen their personal effects and radios before escaping. The ship proceeded to Posorja roads where the coast guard and anti",2019-09-21 20:00:00-05:00
5.5666666,119.11667,111-19,Fishing Vessel,Boarded,"Around 6.3nm North of Pulau Tambisan, Sabah, Malaysia.","Seven armed persons in two pump boats, wearing camouflage uniforms and masks, approached two fishing vessels. The persons boarded the fishing vessels, held the crew at gunpoint and took their personal effects, phones and documentation. Before leaving the armed persons kidnapped three crew members from one fishing vessel and headed to Tawi",2019-09-23 11:58:00+08:00
6.2836113,3.233611,110-19,Product Tanker,Boarded,"Lagos Secure Anchorage Area, Nigeria.",Duty watchmen onboard a tanker noticed two robbers near the forward cargo tanks and raised the alarm.  One robber shouted at the watchkeeper and made a threatening gesture. Alarm raised and Nigerian navy patrol boat responded and searched the waters around the tanker. Investigations showed a section of the razor wire was broken and the vapour locks of the forward cargo tanks were opened.,2019-09-23 04:15:00+01:00
9.416667,-13.733334,109-19,Product Tanker,Boarded,"Around 5nm SSW of Conakry, Guinea.","Four robbers armed with a gun and knives boarded an anchored tanker. They took hostage the duty AB, tide his hands and forced him to lead them to the bridge. Once inside the bridge the robbers took hostage the duty officer and forced him to lead them to the Captain, Chief Engineer, third officer and bosun",2019-09-16 02:50:00+00:00
4.1738887,8.927222,108-19,Fishing Vessel,Boarded,"Around 4.5nm SW of Idenao, Cameroon.","Eight persons in a speed boat, boarded a fishing vessel conducting fishing operations. The perpetrators kidnapped two crew members and escaped. Cameroon navy notified and investigations are ongoing.",2019-09-13 23:00:00+01:00
4.0488014,9.686423,107-19,Bulk Carrier,Boarded,"Port of Douala, Cameroon.","Unnoticed, robbers boarded a berthed bulk carrier during cargo operations. During routine rounds in the morning, it was noticed that the store",2019-09-12 08:00:00+01:00
1.5683334,104.515,106-19,LNG Tanker,Boarded,"Around 15nm East of Bandar Penawar, Johor, Malaysia.","Three persons boarded an anchored tanker via the anchor cable. They stole the forward liferaft, ship",2019-09-08 16:08:00+07:00
5.807815,118.08195,105-19,Bulk Carrier,Boarded,"Sabah, Malaysia.","During routines round, duty AB onboard a berthed bulk carrier noticed two robbers on the forecastle and raised the alarm. Seeing alerted crew, the robbers jumped overboard and escaped in a boat alongside the vessel with another robber. Upon investigation, ship",2019-08-27 20:25:00+08:00
18.573814,-72.34664,104-19,Product Tanker,Boarded,"Port Au Prince, Haiti.",Two armed robbers boarded a berthed tanker using a hook attached to a rope. Duty crew noticed the robbers and raised the alarm resulting in the robbers escaping with ship,2019-05-15 03:00:00-04:00
1.5833334,104.53333,103-19,Crude Oil Tanker,Boarded,"Around 17nm ENE of Bandar Penawar, Johor, Malaysia.","Duty crew onboard an anchored tanker noticed armed persons on the forecastle and notified the duty officer. Alarm raised and forward whistle sounded. Master advised all crew to retreat into the accommodation. Hearing the alarm, the armed persons escaped with a life raft and other ship",2019-08-26 03:45:00+07:00
3.8397129,98.73939,102-19,Bulk Carrier,Boarded,"Belawan Anchorage, Indonesia.","Duty crew onboard an anchored bulk carrier noticed a small boat near the anchor chain and told the boat to move away as they were about to heave up the anchor. As the duty crew was about to raise the alarm, two armed robbers who had already boarded the ship, held the duty crew at knife point and tied him up. When the ship was ready to heave up the anchor, the remaining crew proceeded to the forecastle. On seeing these crew members approaching, the robbers snatched the duty crew",2019-08-23 01:30:00+07:00
4.675,7.1551666,101-19,Offshore Supply Ship,Boarded,"Federal Ocean Terminal, Onne Port, Nigeria.",Duty officer onboard a berthed offshore supply ship noticed a robber on the CCTV stealing ship,2019-08-14 02:30:00+01:00
1.1025,103.88416,100-19,Tug,Boarded,"Batam Anchorage, Indonesia.",Five robbers armed with knives boarded an anchored tug. Crew alerted and alarm raised. All crew mustered in a safe location and called the local authorities who responded and boarded the tug for investigations. Deck and engine room spares were reported stolen. All crew safe.,2019-08-21 03:40:00+07:00
3.5875,6.6875,099-19,LPG Tanker,Boarded,"50nm SE of Brass, Nigeria.","Pirates boarded a LPG tanker underway. Alarm sounded and crew mustered in the citadel. Headcount indicated that one crew was missing in the citadel. Owners and Nigerian navy notified and a naval patrol boat was dispatched. After the Nigerian naval team boarded the vessel and confirmed that no pirates found on board, the crew emerged from the citadel. On 12 Dec 2019, the Owners confirmed that one kidnapped crew member was released safely on 05 Oct 2019.",2019-08-17 03:25:00+00:00
10.738055,106.77,098-19,Container,Boarded,"Phuoc Long Mooring Buoy No. 03, Vietnam.","Duty AB on routine rounds onboard a berthed container vessel noticed two robbers armed with knives trying to break into the steering gear room. Duty Officer notified. Alarm raised and crew mustered. Seeing the alerted crew, the robbers escaped. Nothing reported stolen.",2019-08-12 02:30:00+07:00
3.8666666,9.516666,097-19,General Cargo,Boarded,"Douala Anchorage, Cameroon.","Armed persons boarded a general cargo ship. The Cameroon navy dispatched a patrol boat. When the crew emerged from hiding, it was reported that eight crew members were missing. Investigations are on",2019-08-15 03:30:00+01:00
3.8666666,9.52,096-19,Bulk Carrier,Boarded,"Douala Anchorage, Cameroon.","Armed persons boarded a bulk carrier, stole crew and ship",2019-08-15 02:18:00+01:00
4.1516666,8.368055,095-19,LPG Tanker,Fired Upon,"Around 23nm SSE of Okposo, Nigeria.",A suspicious boat approached and fired upon a tanker underway. Alarm raised and crews mustered in the citadel. Master took evasive actions resulting in the boat abandoning the attack. Vessel and crew are safe.,2019-08-14 11:50:00+01:00
-14.384167,40.7,094-19,Chemical Tanker,Boarded,"Nacala Outer Anchorage, Mozambique.",Two armed robbers boarded an anchored chemical tanker via the hawse pipe and broke into the forecastle store. Alert crew noticed the robbers and raised the alarm resulting in the robbers escaping with stolen ship,2019-08-07 21:30:00+02:00
1.1055555,104.16861,093-19,Chemical Tanker,Attempted,"Tanjung Uban Anchorage, Indonesia.","Three robbers in a wooden boat came alongside an anchored chemical tanker. They attempted to board the tanker using hooks attached with ropes. Duty Officer on security rounds on the bridge noticed the robbers and raised the alarm, sounded ship",2019-08-07 03:00:00+07:00
19.036667,-92.007225,092-19,Maintenance Pontoon,Boarded,"Ciudad del Carmen Anchorage, Mexico.",Crew onboard a maintenance pontoon reported ship,2019-08-04 06:00:00-06:00
6.43149,3.336577,091-19,Bulk Carrier,Boarded,"Berth No.TC09, Lagos, Nigeria.",Ten robbers boarded a berthed bulk carrier during cargo operations. They assaulted and took hostage the duty AB on routine rounds. The robbers stole ship,2019-07-25 05:42:00+01:00
-4.0720177,39.653046,090-19,Tanker,Boarded,"Mbaraki Wharf, Mombasa, Kenya.","Duty AB on routine rounds onboard a berthed tanker, noticed a person climbing the mooring rope. Alarm sounded, crew mustered, and port control informed. Before a patrol boat could respond, the person had cut two mooring ropes and escaped.",2019-07-27 00:30:00+03:00
-6.0084724,106.86667,089-19,Chemical Tanker,Boarded,"Around 5nm North of Tanjung Priok, Jakarta, Indonesia.","Six robbers armed with knives boarded a chemical tanker waiting for pilot. They injured the Chief Engineer on routine rounds. Alarm raised and crew mustered. Seeing the crew alertness, the robbers escaped empty handed. Incident reported to the VTS.",2019-07-31 05:20:00+07:00
3.8785293,98.77254,088-19,Bulk Carrier,Boarded,"Belawan Anchorage, Indonesia.","Two robbers boarded an anchored bulk carrier. Alarm raised and crew mustered. Seeing the crew alertness, the robbers escaped empty handed. Incident reported to the Port Control.",2019-07-31 06:20:00+07:00
6.431989,3.3541775,087-19,Container,Boarded,"Port of Lagos, Nigeria.","Three robbers armed with metal sticks in a small boat approached and boarded a berthed container ship. They attacked the duty AB on routine rounds, stole his personal belongings and escaped. Alarm raised and a search was carried out. The duty AB was slightly injured during the incident and further medical checkup was initiated. The incident was reported to the PFSO and Harbour Master.",2019-07-29 04:10:00+01:00
6.319763,-10.833645,086-19,Bulk Carrier,Boarded,"Monrovia Roads, Liberia.",Duty AB noticed an unauthorized person on the deck and raised the alarm. Seeing the alerted crew the person cut the self,2019-07-29 03:30:00+00:00
1.757451,101.36746,085-19,Product Tanker,Boarded,"SDS Terminal, St 1, Lubuk Gaung, Indonesia.","Four armed robbers boarded a berthed tanker during cargo operations. Alert crew noticed the robbers near the engine room and raised the alarm. Upon hearing the alarm and seeing the crew alertness, the robbers escaped through the steering gear room. A search was carried out. It was reported that engine spares were stolen. Incident reported to the PFSO.",2019-07-28 02:55:00+07:00
1.0682542,103.90352,084-19,Offshore Tug,Boarded,"PT Dharma Sentosa Marindo Yard, Batam, Indonesia.",Four robbers in a boat approached and boarded a berthed offshore tug. Second mate on routine rounds noticed footprints on the main deck. Further checks revealed a storeroom padlock broken. Alarm raised and crew mustered. Vessel,2019-07-23 06:00:00+07:00
6.300833,3.3891666,083-19,Product Tanker,Boarded,"Lagos Anchorage, Nigeria.","During routine rounds, duty crew, getting a strong smell of cargo, approached the forward cargo tanks and noticed one unauthorized person jumping overboard with a hose.  Alarm raised and crew mustered. Investigations indicated that the person was trying to steal cargo. Incident reported to the Navy patrol boat in the vicinity. A search of the surrounding waters conducted. Nothing reported stolen.",2019-07-26 04:30:00+01:00
10.741576,106.74468,082-19,General Cargo,Boarded,"Lotus Port, Ho Chi Minh City, Vietnam.","Third officer on routine rounds onboard a berthed general cargo ship noticed an unauthorised person on deck throwing items over the shipside. On checking, the duty officer noticed two boats collecting the items. Alarm raised. Seeing the approaching officer, the unauthorised person escaped. Upon checking it was found that the padlock of the forward store was broken, and ship",2019-07-25 19:40:00+07:00
2.9188888,105.16889,081-19,Bulk Carrier,Boarded,"Around 16nm NW of Pulau Damar, Indonesia.","Seven pirates armed with a pistol and knives in a small speed boat boarded a bulk carrier underway using a ladder attached with a hook. Master and the second officer taken hostage, tied up and assaulted by the pirates. The pirates stole cash and crew personal belongings before escaping. Incident reported to Korean Authorities.",2019-07-22 02:25:00+07:00
8.466945,-13.466945,080-19,Container,Boarded,"Freetown Anchorage, Sierra Leone.",Five robbers armed with knives in a small wooden boat approached and boarded an anchored container ship using a rope attached with a hook. The robbers took hostage the duty crew and stole his personal belongings and ship,2019-07-21 02:40:00+00:00
1.2166667,103.51667,079-19,Tug,Boarded,"Around 2.9nm South of Tanjung Piai, Johor, Malaysia.","Six small wooden boats approached a tug and barge underway. The unauthorised persons boarded the barge, stole its cargo of scrap metal and escaped. The Master contacted the local authorities who dispatched a patrol vessel to investigate.",2019-07-11 10:30:00+08:00
2.9666667,4.6666665,078-19,General Cargo,Hijacked,"Around 124nm SW of Brass, Nigeria.",Armed pirates in two speed boats boarded and hijacked a general cargo ship underway. The Owners were unable to contact the ship and immediately informed the Nigerian Authorities. The IMB Piracy Reporting Centre,2019-07-13 22:50:00+00:00
-6.098695,106.88394,077-19,Bulk Carrier,Boarded,"Jakarta, Indonesia.","Unnoticed, robbers boarded a berthed bulk carrier during cargo operations. Duty Bosun on routine rounds noticed the store padlock broken and notified the Duty Officer. Alarm raised and crew mustered. It was reported that ship",2019-06-30 16:30:00+07:00
5.1805334,119.32182,076-19,Fishing Vessel,Boarded,"Sabah, Malaysia.",Two fishing vessels with 16 crews were approached and boarded by armed persons while enroute from Tambisan to Semporna. The armed persons kidnapped 10 crews and escaped. Local authorities notified.The nine crew were reported released on 21.06.2019.  One remaining crew still held.,2019-06-18 02:00:00+08:00
2.973611,5.27,075-19,Product Tanker,Fired Upon,"98.54nm SW of Brass, Nigeria.","Armed persons in a speedboat chased and fired upon at a tanker underway. Alarm raised, vessel increased speed and commenced evasive manoeuvres and non",2019-05-03 20:00:00+00:00
1.5734426,104.38532,074-19,Bulk Carrier,Boarded,"Around 13nm ENE of Bandar Penawar, Johor, Malaysia.","Duty officers onboard an anchored bulk carrier noticed an unauthorised person on the forecastle and proceeded to investigate. As the officers arrived, the person threatened them with a knife and escaped with his accomplice who was waiting in a boat. Incident reported to the local authorities. Coast Guard boarded the vessel to investigate. Nothing reported stolen.",2019-05-31 23:30:00+08:00
-3.6833334,114.433334,073-19,Bulk Carrier,Boarded,"Taboneo Anchorage, Indonesia.","While carrying out routine rounds onboard an anchored bulk carrier, duty crew noticed the forecastle store door broken into and ship",2019-02-19 21:45:00+08:00
0.0575,-50.97696,072-19,Bulk Carrier,Boarded,"Macapa Anchorage, Brazil.","Six robbers armed with knives boarded an anchored bulk carrier through the anchor chain. Duty AB on routine rounds spotted the robbers and immediately informed the Master, who raised the alarm. PA announcement made, whistle sounded, and all crew mustered. A search was carried out. Ship",2019-05-31 02:25:00-03:00
-6.008365,105.958755,071-19,Bulk Carrier,Boarded,"D6 Berth, Cigading Port, Indonesia.",Duty watchman on routine rounds onboard an anchored bulk carrier noticed two robbers in the steering gear room and immediately informed the OOW who sounded the ship,2019-05-29 01:52:00+07:00
1.2166667,103.566666,070-19,Tug,Boarded,"Around 3.4nm SSE of Tanjung Piai, Johor, Malaysia.","Persons from five wooden boats approached, illegally boarded and stole properties from a crane barge under tow by a tug and escaped. The tug Master contacted the Authorities and reported the incident.",2019-05-18 16:00:00+08:00
-14.547222,40.654446,069-19,Product Tanker,Boarded,"Nacala Inner Anchorage, Mozambique.",Duty crew noticed the forward store broken into and reported same to the duty officer. Alarm raised. A search was carried out. Foot prints were noticed on the forecastle deck. Ship,2019-05-26 22:00:00+02:00
-3.7166667,114.434166,068-19,Bulk Carrier,Boarded,"Taboneo Anchorage, Indonesia.","Seven persons armed with knives, boarded an anchored bulk carrier. They were noticed by the duty watchman who raised the alarm. Crew mustered. The persons threatened the crew with their knives, stole ship",2019-05-23 21:30:00+08:00
-0.89080083,131.23593,067-19,Yacht,Attempted,"Around 0.18nm SE of Pulau Doom, Sorong, Indonesia.",A person in a fishing boat approached an anchored sailing vessel and attempted to steal the sailing vessel,2019-05-22 23:00:00+09:00
10.2,-64.75,066-19,Tanker,Boarded,"Puerto Jose Anchorage, Venezuela.","Six persons in a small boat with an outboard motor approached and boarded an anchored tanker. Duty crew on routine rounds noticed the robbers and raised the alarm. Hearing the alarm and seeing the crew alertness, the robbers escaped in their boat. A search was carried out. Nothing reported stolen. Incident reported to the Coast Guard through the local agents.",2019-04-25 22:00:00-04:00
9.383333,-13.683333,065-19,Bulk Carrier,Boarded,"Conakry Anchorage, Guinea.","Four robbers armed with automatic rifles and knives boarded an anchored bulk carrier. They took the crew hostage, ransacked their cabins and stole ship",2019-05-14 01:42:00+00:00
1.0,104.91361,064-19,General Cargo,Boarded,"Around 4nm East of Pulau Mapur, Indonesia.",Four robbers armed with long knives boarded a general cargo ship underway. They took hostage the duty AB and entered into the Master,2019-05-13 01:10:00+07:00
-11.983334,-77.183334,063-19,LNG Tanker,Boarded,"Callao Anchorage, Peru.","Around four to five robbers wearing face masks boarded an anchored LNG tanker via the hawse pipe. They took hostage the duty crew on routine rounds. Alarm raised, ship",2019-05-18 00:55:00-05:00
7.668889,128.48334,062-19,Bulk Carrier,Attempted,"Around 115nm East of Baganga, Philippines.","Unidentified persons in a speedboat approached and closed in to the ship underway. Alarm raised, crew mustered, and fire hoses pressurized. The persons were observed to be shouting towards the ship while holding steel hooks. After 30 mins of chasing, the boat aborted and moved away. The ship resumed her passage.",2019-05-10 10:00:00+09:00
3.0666666,7.983333,061-19,Tug,Hijacked,"Around 41nm SW of Luba, Equatorial Guinea.",Armed pirates hijacked the tug underway and took its crew hostage. The pirates used the tug to attack and board another ship. Incident reported to authorities and a Spanish and Equatorial Guinean Naval vessel responded resulting in both ships being released.,2019-05-05 13:00:00+01:00
6.103346,1.2958717,060-19,Chemical Tanker,Hijacked,Togo.,Armed persons boarded and hijacked an anchored tanker with her crew. The Togo Navy received a call from the Owners that their tanker had been attacked. Togo Navy immediately responded by dispatching patrol boats to investigate.  The tanker was intercepted 25nm from the anchorage area and forced to divert to Lome port. The crew were reported safe and the armed persons were captured and handed over to the relevant Authorities.,2019-05-12 01:00:00+00:00
1.721111,101.45,059-19,Bulk Carrier,Boarded,"Lubuk Gaung Anchorage, Dumai Port, Indonesia.",The ship,2019-05-11 17:00:00+07:00
3.0833333,7.983333,058-19,Heavy Load Carrier,Boarded,"Around 48nm SW of Luba, Equatorial Guinea.","Pirates onboard a previously hijacked tug approached and boarded a heavy load carrier ship underway. Alarm sounded, and the crew retreated into the citadel. Regional Authorities notified. A nearby Spanish Naval vessel and the Equatorial Guinean Navy responded to the incident resulting in the pirates escaping and the crews released. The tug and the ship were escorted by the Equatorial Guinean Navy to a safe port for further investigations.",2019-05-05 13:16:00+01:00
-5.8520346,13.431473,057-19,Product Tanker,Boarded,Ango-,"Two robbers armed with long knives boarded an anchored product tanker and broke into the forecastle store. Duty watch keeper spotted the robbers and notified the OOW. Alarm raised, and crew mustered. Upon hearing the alarm, the robbers escaped with stolen ship",2019-04-28 06:04:00+01:00
12.283334,-72.01667,056-19,Bulk Carrier,Boarded,"Puerto Bolivar Anchorage, Colombia.","Two robbers in a small boat approached and boarded an anchored bulk carrier.  Alert crew noticed the robbers and raised the alarm. Crew mustered. Hearing the alarm and seeing the crew alertness, the robbers escaped empty handed. Coast guard informed.",2019-04-24 22:40:00-05:00
6.268611,3.2197223,055-19,Product Tanker,Boarded,Lagos Secure Anchorage Area (,"Duty crew onboard an anchored tanker noticed two robbers near the cargo tank with a hose. Alarm raised, and PA announcement made. Seeing the alerted crew, the robbers escaped in their boat with their hose. A patrol boat was informed who came and searched the area. Nothing reported stolen.",2019-05-03 01:10:00+01:00
-0.14835793,-81.32727,054-19,Bulk Carrier,Attempted,"Around 52nm WNW of Cabo Pasado, Ecuador.","Two speed boats with five persons in each boat approached a bulk carrier underway. Alarm raised and crew mustered. Vessel increase speed, commenced evasive manoeuvres and started spraying the boats with charged fire hoses, resulting in the boats moving away. Crew and vessel reported safe.",2019-05-03 15:10:00-05:00
9.277778,-78.129166,053-19,Pleasure Craft,Boarded,"Around 1.9NM ENE of San Ignacio De Tupile, Panama","The IMB Piracy Reporting Centre received a distress call from a family on an anchored pleasure boat indicating that unknown persons had boarded the boat, shot and killed one person and injured the other. Two other family members were unharmed. The IMB Piracy Reporting Centre",2019-05-02 02:30:00-05:00
-6.0972867,106.89706,052-19,Container,Boarded,"Jakarta Container Terminal, Indonesia.","Two robbers boarded a berthed container ship. Duty oiler on routine rounds noticed the robbers in the engine room and raised the alarm. Hearing the alarm, the robbers escaped empty handed. A search was made throughout the ship. Nothing reported stolen.",2019-04-27 04:05:00+07:00
6.3341665,3.3347223,051-19,Product Tanker,Boarded,"Lagos Anchorage, Nigeria.","Three robbers in a small craft approached and boarded an anchored tanker. Duty AB on routine rounds noticed the robbers near the cargo tank and notified the OOW. Alarm raised, PA announcement made and crew mustered. Hearing the alarm and seeing the crew alertness, the robbers jumped overboard along with their hose and escaped in their boat. The incident was reported to a naval patrol boat. Nothing reported stolen.",2019-04-24 03:15:00+01:00
10.283334,-64.7,050-19,Tanker,Boarded,"Puerto La Cruz Anchorage, Venezuela.",Duty Officer noticed on the CCTV one unauthorised person on the forecastle and raised the alarm. Hearing the alerted crew the robber escaped. A security search of the vessel showed ship,2019-04-25 23:30:00-04:00
6.169084,3.3442545,049-19,Chemical Tanker,Hijacked,"Lagos Offshore, Nigeria.","Nine pirates armed with automatic weapons and a RPG boarded a tanker underway undergoing sea trials. Duty officer raised the alarm and crew took shelter. The pirates took hostage the duty officer and instructed all the crew members to come out of hiding. They damaged the navigation and all communication equipment, stole crew and ship",2019-04-05 21:00:00+00:00
-12.016666,-77.21667,048-19,Bulk Carrier,Boarded,"Callao Anchorage, Peru.","Unnoticed, robbers boarded an anchored bulk carrier and escaped with ship",2019-04-26 02:00:00-05:00
-1.05,48.7,SUS-001,Fishing Vessel,Suspicious,"Around 270nm SE of Mogadishu, Somalia.",21.04.2019,2019-04-21 12:00:00+03:00
3.785,-77.23417,047-19,Container,Attempted,"Buenaventura Channel, Near Buoy No.13, Colombia.",A boat with around eight to 10 persons approached a container ship under pilotage and attempted to board via the rigged pilot ladder. Duty lookout noticed the boat and raised the alarm. Crew mustered near the pilot ladder resulting in the boat aborting and moving away. The pilot notified the Coast Guard and a patrol boat was dispatched to investigate.,2019-04-19 00:35:00-05:00
4.332033,7.1795654,046-19,Product Tanker,Boarded,Nigeria.,An anchored tanker was boarded by unauthorised persons who kidnapped six crew and escaped. Remaining crew reported safe. Nigerian navy notified and investigations are ongoing.,2019-04-19 14:30:00+01:00
13.733334,121.03333,045-19,Product Tanker,Boarded,"Batangas Anchorage, Philippines.","Duty crew on routine rounds noticed a robber near the forecastle and raised the alarm. Crew mustered and approached the forecastle. Seeing the alerted crew, the robber escaped with stolen ship",2019-03-26 20:30:00+08:00
17.616945,83.31722,044-19,Tanker,Boarded,"Visakhapatnam SPM Anchorage, India.","Five boats with eleven persons approached a tanker during anchoring operations. Up on anchoring the boats came alongside, hooked on ropes to the ships rails and commenced boarding the tanker. Alarm raised, ships horn sounded, and crew mustered on deck. Port authorities notified. The unauthorised persons remained on deck as the crew prevented them from entering the accommodation. They did not confront the crew but refused to leave the tanker. Finally, on seeing the approaching pilot boat the unauthorised persons disembarked.",2019-04-13 15:36:00+05:30
4.4694443,7.1694446,043-19,Product Tanker,Boarded,"Bonny River Inner Anchorage, Nigeria.","Four persons in a speed boat armed with automatic weapons approached an anchored product tanker. Two persons managed to board the tanker and open fire towards the accommodation. The onboard Nigerian naval guards returned fire resulting in the persons retreating into their boat and escaping. Alarm raised, PA announcement made, and crew mustered in the citadel. Bonny Signal Station and Nigerian Navy notified. One guard was injured during the shooting and was given first aid by the crew. Two security boats responded and approached the tanker. The injured guard was transferred to a security boat and taken ashore for medical assistance. Remaining crew reported safe.",2019-04-15 21:20:00+01:00
-12.019167,-77.18889,042-19,Bulk Carrier,Boarded,"Callao Anchorage, Peru.","Five robbers boarded an anchored bulk carrier using a rope attached with a hook. Duty AB on routine rounds was attacked, threatened and beaten. Alarm raised and crew mustered. Seeing the alerted crew, the robbers escaped with the duty AB",2019-04-14 01:45:00-05:00
-2.5166667,-80.083336,041-19,Container,Fired Upon,"Around 3.6nm WNW of Isla Escalante Island, Guayas, Ecuador.",Duty officer onboard a container ship under pilotage noticed a fast,2019-04-01 02:45:00-05:00
33.609295,-7.6047707,040-19,Bulk Carrier,Boarded,"Casablanca Port, Morocco.","Duty officer onboard a berthed bulk carrier, heard noises from the boat deck. As he approached the area, he noticed the life raft cover was opened and two robbers stealing the equipment. Seeing the duty officer, the robbers jumped overboard and escaped. Incident reported to the Port Authority. Subsequently, the Harbour Master, Port Police and PSC Inspector boarded the ship to investigate.",2019-04-01 07:00:00+01:00
6.3025,3.2844443,039-19,Product Tanker,Boarded,"Lagos STS Anchorage, Nigeria.",Duty watchkeeper onboard an anchored product tanker noticed some robbers near a cargo tank and also near the ship,2019-03-30 04:10:00+01:00
3.8833334,9.5,038-19,Container,Boarded,"Around 15nm SW Of Douala, Cameroon.",Armed persons boarded an anchored ship. They kidnapped four crew members and escaped. The remaining crew sailed the ship to Douala port. Investigation are ongoing. The owners confirmed that the four kidnapped crew were released on 06 May 2019 and repatriated to their respective countries.,2019-03-30 20:10:00+01:00
4.8905554,-1.695,037-19,Product Tanker,Boarded,"Takoradi Anchorage, Ghana.",OOW onboard an anchored product tanker noticed the paint room door was open and spotted robbers on the forecastle. He immediately directed the search light towards the robbers and sounded the ship,2019-03-29 02:36:00+00:00
14.55,120.9,036-19,Container,Boarded,"Manila South Quarantine Anchorage, Philippines.","Unnoticed, robbers boarded an anchored container ship and escaped with ship",2019-03-27 04:30:00+08:00
10.183333,-64.86667,035-19,Crude Oil Tanker,Boarded,"Jose Terminal Anchorage, Venezuela.","Five robbers armed with knives and a pipe wrench boarded an anchored tanker. They tied up the aft watch keeper and broke into the paint store. Alarm raised and crew mustered. Hearing the alerted crew, the robbers escaped with stolen ship",2019-03-28 00:10:00-04:00
6.25,3.2,004-19,Product Tanker,Attempted,"Lagos SAA, Nigeria.",Around 4,2019-01-07 02:10:00+01:00
18.402222,-69.31695,033-19,LPG Tanker,Boarded,"San Pedro de Macoris anchorage, Dominican Republic.","Unnoticed robbers boarded an anchored tanker, stole ship",2019-03-21 05:00:00-04:00
10.183888,-64.78445,032-19,Tanker,Boarded,"Jose Terminal Anchorage, Venezuela.",Three robbers armed with knives boarded an anchored crude oil tanker. Deck watch on routine rounds spotted the robbers and notified the OOW just before the robbers threatened him with a knife and stole his radio. Alarm raised and crew mustered resulting in the robbers escaping with their accomplices in a waiting boat. Incident reported to port authorities.,2019-03-21 00:35:00-04:00
-12.033334,-77.2,031-19,Vehicle Carrier,Attempted,"Callao Anchorage, Peru.","Four robbers wearing jackets and caps in a small boat approached an anchored vehicle carrier. Duty crew on routine rounds noticed the robbers attempting to board the ship via the anchor cable. Alarm raised, ship",2019-03-19 02:00:00-05:00
3.8666666,7.0666666,030-19,Offshore Supply Ship,Fired Upon,"Around 30nm SSW of Bonny Island, Nigeria.",Two speed boats with 16,2019-02-28 08:15:00+00:00
3.9592452,6.664738,029-19,Offshore Support Vessel,Boarded,"Around 32nm SE of Brass, Nigeria.","Pirates armed with machine guns in two speed boats approached an offshore support vessel underway. The Captain immediately notified the naval escort security boat which maneuvered to engage the attackers. One speed boat closed in from port side of the vessel and crossed the bow, while the other speed boat exchanged fire with the security boat. Alarm raised, crew proceeded to the engine room and all power was shut down. The pirates boarded the vessel with the aid of an elongated ladder. They broke into the accommodation, vandalized the cabins and took crew belongings and vessel",2019-03-09 11:15:00+00:00
-3.7297437,114.448044,028-19,Bulk Carrier,Attempted,"Taboneo Anchorage, Indonesia.","Duty watchman on routine rounds onboard an anchored bulk carrier noticed two robbers attempting to board via the anchor chain. He immediately informed the OOW who raised the alarm and crew mustered. Seeing the crew alertness, the robbers retreated into their waiting skiff and escaped. Incident reported to Taboneo Port Control.",2019-02-25 19:06:00+08:00
0.05,-50.95,027-19,Bulk Carrier,Boarded,"Macapa Anchorage, Brazil.","Two robbers armed with knives boarded an anchored bulk carrier using a rope attached with a hook. Duty AB on routine rounds spotted the robbers and immediately informed the OOW, who raised the alarm. PA announcement made, and all crew mustered. Seeing the alerted crew, the robbers escaped without stealing anything. Incident reported to Port Authorities.",2019-03-10 01:30:00-03:00
5.866667,1.4,026-19,Product Tanker,Boarded,"Around 17nm SSE of Lome, Togo.","Armed pirates attack and boarded a product tanker underway. Alarm raised and crew mustered in the citadel. On taking the headcount, four crew were identified as missing. Upon receiving a MAYDAY message from the Master, the IMB Piracy Reporting Centre",2019-03-03 19:40:00+00:00
4.5,3.2333333,025-19,Crude Oil Tanker,Boarded,"Around 105nm South of Lagos, Nigeria.","Armed pirates in a speed boat approached and boarded a tanker underway. Alarm raised and all crew mustered in the citadel. Upon receiving information on the incident, the IMB Piracy Reporting Centre",2019-03-02 12:33:00+00:00
4.9016666,-1.6672223,024-19,General Cargo,Boarded,"Takoradi Anchorage, Ghana.","Unnoticed, robbers boarded an anchored cargo vessel. They stole ship",2019-02-23 04:00:00+00:00
3.118611,6.2011113,023-19,Crude Oil Tanker,Fired Upon,"Around 69nm South of Brass, Nigeria.","Two skiffs with 16 armed persons chased, fired upon and attempted to board a tanker underway. General alarm raised, SSAS activated and non",2019-02-27 08:54:00+00:00
3.1333334,6.05,022-19,Product Tanker,Fired Upon,"Around 70nm South of Brass, Nigeria.","Duty officer onboard a product tanker underway noticed on radar, two targets at a distance of 4nm.  At 2nm the targets were seen to cross the stern, increase speed and approach at high speed. As the skiffs closed in to the tanker they opened fire. The onboard Nigerian naval personnel returned fire. The skiffs retreated and followed the tanker for a short duration before moving away.",2019-02-27 20:00:00+00:00
4.9344444,-1.5675,021-19,Crude Oil Tanker,Boarded,"Aboadze Anchorage, Ghana.","Unnoticed, robbers boarded an anchored tanker. They stole ship",2019-02-27 05:00:00+00:00
2.9847221,5.935,020-19,Container,Fired Upon,"Around 80nm South of Brass, Nigeria.",Around four to six armed pirates in a speed boat chased and fired upon a container vessel underway. Alarm raised and non,2019-02-21 00:16:00+00:00
2.535,4.784167,019-19,Landing Craft,Boarded,"Around 136nm SW of Brass, Nigeria.","Five armed pirates attacked and boarded a landing craft underway, kidnapped three crew members and escaped. Incident reported to the Nigerian Navy who dispatched a naval boat to assist the vessel. Remaining crew sailed the vessel under naval escort to a safe anchorage. On 01.03.2019, Owners confirmed the kidnapped crew were released safely.",2019-02-03 05:30:00+00:00
38.866665,118.7,018-19,Bulk Carrier,Boarded,"Caofeidian Anchorage, China.","Duty officer onboard an anchored bulk carrier noticed from the bridge wing a hose connected from an opened DO tank manhole to a small unlit barge alongside the ship. Alarm raised, and duty AB instructed to investigate. Hearing the alarm, the duty officer noticed a robber lowering the hose and escaping in the barge. On sounding the tank, it was reported that DO had been stolen. Incident reported to VTS Caofeidian.",2019-02-11 02:40:00+08:00
6.347804,-10.799031,017-19,Product Tanker,Boarded,"Port of Monrovia, Liberia.","Duty crew on routine rounds onboard a berthed product tanker noticed a robber armed with a knife. Alarm sounded, resulting in the robber escaping. On searching the vessel, ship",2019-02-09 03:40:00+00:00
6.2855554,3.3175,016-19,Product Tanker,Boarded,"Lagos Security Anchorage Area, Nigeria.",Two unauthorised persons boarded a tanker during STS operations. The security guard noticed the robber and raised the alarm resulting in the persons escaping. Nothing was stolen.,2019-01-04 00:25:00+01:00
3.9177778,98.78333,015-19,Chemical Tanker,Boarded,"Belawan Anchorage, Indonesia.","Duty crew on routine rounds onboard an anchored tanker noticed a robber escaping via the hawse pipe and raised the alarm. Crew mustered and on searching the vessel, ship",2019-02-06 05:05:00+07:00
23.03689,70.22291,014-19,Product Tanker,Boarded,"Oil Jetty No.4, Kandla Port, India.","The chief officer on routine rounds onboard a berthed tanker noticed a boat under the forecastle and notified the other deck crew. Seeing the alerted crew, the boat moved away. On inspection it was noticed that a store room had been broken into, but nothing reported stolen. Port Authorities notified.",2019-02-03 22:00:00+05:30
38.866665,119.183334,013-19,Ore Carrier,Boarded,"Jingtang Anchorage, China.","Duty crew onboard an anchored ore carrier noticed an unlit barge alongside and raised the alarm. Two robbers wearing masks were seen lowering hoses and escaping from the quarter deck. On searching the ship, oil stains were noticed near the MDO tank sounding pipe. All tanks were sounded. Nothing reported stolen. VTS informed.",2019-01-30 00:55:00+08:00
5.2,-4.0333333,012-19,Product Tanker,Boarded,"Abidjan Anchorage, Ivory Coast.",Two robbers armed with long knives boarded an anchored product tanker. Duty OS on routine rounds noticed a ladder hooked to the ship,2019-01-19 22:40:00+00:00
3.0333333,6.0833335,011-19,Tanker,Fired Upon,"Around 76 NM SSW of Brass, Nigeria.","Around seven to eight armed pirates in a skiff chased, fired upon and tried to board a tanker underway. General alarm raised, non",2019-01-25 15:30:00+00:00
3.7166667,6.1666665,010-19,Product Tanker,Fired Upon,"Around 35NM South of Brass, Nigeria.","A product tanker was fired upon while underway. General alarm raised, non",2019-01-24 19:35:00+00:00
3.5355556,6.185,009-19,Bulk Carrier,Fired Upon,"Around 45nm South of Brass, Nigeria.","Around five to seven armed pirates in a skiff chased and fired upon a bulk carrier underway. General alarm raised, deck lights switched on, speed increased and crew mustered in citadel. Armed guards onboard the vessel managed to repel the attempted attack.",2019-01-25 00:15:00+00:00
10.195,-64.78833,008-19,Tanker,Boarded,"Puerto Jose Anchorage, Venezuela.",Unnoticed robbers boarded an anchored tanker. They stole ship,2019-01-16 23:40:00-04:00
5.4666667,2.35,007-19,Container,Boarded,"Around 55nm South of Cotonou, Benin.",Armed pirates attack and boarded a container ship underway. Six crew members reported kidnapped. The remaining crew sailed the ship to a safe port. Owners confirmed all kidnapped crew released safely on 01.02.2019.,2019-01-02 00:01:00+00:00
-6.010761,105.9508,006-19,General Cargo,Boarded,"Ciwandan Anchorage, Indonesia.","During routine rounds, duty crew onboard an anchored cargo vessel noticed the lock to the Engine store broken and ship",2019-01-11 05:00:00+07:00
38.9,118.6,005-19,Bulk Carrier,Boarded,"Caofeidian Anchorage, China.","Two robbers, armed with a steel bar, boarded an anchored bulk carrier.  Duty crew noticed the robbers and raised the alarm. Hearing the alerted crew, the robbers escaped without stealing anything. Incident reported to port authorities.",2019-01-12 04:30:00+08:00
6.266667,3.3333333,003-19,Tanker,Boarded,"Lagos STS Anchorage, Nigeria.",Two robbers with plastic hoses boarded an anchored tanker during STS operations. They connected the hoses to the ullage ports of the forward cargo tanks and attempted to steal cargo. Duty crew noticed the robbers and raised the alarm resulting in the robbers escaping. The incident was immediately reported to the Nigerian Navy patrol boat who came to the location and carried out a check on the surrounding waters. Nothing reported stolen.,2019-01-07 04:20:00+01:00
10.316944,-75.5175,002-19,Container,Boarded,"Mamonal Anchorage, Colombia.","Deck watchmen onboard an anchored container vessel noticed three robbers near the forecastle and informed the duty officer. Alarm raised, crew mustered inside the accommodation and all doors were locked from inside. Master reported the incident to the coast guard and requested assistance. A coast guard boat arrived and searched the waters around the vessel. Ship",2019-01-02 22:28:00-05:00
10.266666,-64.7,001-19,Tanker,Attempted,"Puerto La Cruz Anchorage, Venezuela.",Duty crew onboard an anchored tanker noticed robbers attempting to board using a grappling hook hooked to the guardrails of the poop deck. Alarm was raised and ship,2019-01-03 00:45:00-04:00
